insert into mundo values('Cubo do Prismo','Cubo do prismo');

insert into mundo values('Mundo de O','Cubo do prismo');

insert into mundo values('Noitosfera','Mundo de O');

insert into mundo values('Espaço','Mundo de O');



insert into regiao values('Reino Doce', 'Mundo de O');

insert into regiao values('Planice', 'Mundo de O');

insert into regiao values('WaterWorld', 'Mundo de O');

insert into regiao values('Selva', 'Mundo de O');

insert into regiao values('Reino Gelado', 'Mundo de O');

insert into regiao values('Deserto', 'Mundo de O');

insert into regiao values('Pantano', 'Mundo de O');

insert into regiao values('Reino de Fogo', 'Mundo de O');

insert into regiao values('Céu', 'Mundo de O');

insert into regiao values('Reino Caroço', 'Mundo de O');

insert into regiao values('Exosfera', 'Espaço');

insert into regiao values('Inferno', 'Noitosfera');




insert into local values('0','Foi aqui que tudo começou!' ,'Início', false, 'Reino Doce');

insert into local values('1','Estes portões guardam o castelo da princesa Jujuba' ,'Portão Castelo Doce', false, 'Reino Doce');

insert into local values('2','Casa onde habita o canelinha' ,'Casa do canelinha', false, 'Reino Doce');

insert into local values('3','Aqui você vai encontrar armas importantes pra começar sua jornada' ,'Loja do Doan', false, 'Reino Doce');

insert into local values('4','As gramas brancas de maria mole aos poucos dão lugar a grama de verdade' ,'Planices Doces', false, 'Reino Doce');

insert into local values('5','Aqui tem grama até onde a vista alcança' ,'Planices Verdes', true, 'Planice');

insert into local values('6','Uma luz mística emana no fundo do laguinho' ,'Laguinho', true, 'Planice');

insert into local values('7','Luzes coloridas passam por você, aqui parece que você se encontra entre dois mundos' ,'Portal do Laguinho', false, 'Planice');

insert into local values('8','Eca é esgoto!' ,'Esgoto', true, 'WaterWorld');

insert into local values('9','Susana forte, uma moça muito grande e forte mora aqui. Sua casa é muito fofa' ,'Casa da Susana Forte', false, 'WaterWorld');

insert into local values('10','Aqui vive um povo peixe que parece humano' ,'Cidade subterranea', false, 'WaterWorld');

insert into local values('16','Jardins da princesa Jujuba' ,'Jardins doce', false, 'Reino Doce');

insert into local values('19','Aqui você vai encontrar armas importantes pra começar sua jornada' ,'Loja do Arthur', false, 'Planice');

insert into local values('20','Aqui mora o Jake e seu amigo Finn' ,'Casa na árvore', false, 'Planice');

insert into local values('23','Aqui morava o toucinho do mar, está abandonado' ,'Casa do Toucinho', true, 'WaterWorld');

insert into local values('24','Quase não dá pra ver algo aqui. Como estamos respirando?' ,'Profundezas', true, 'WaterWorld');

insert into local values('25','A água aqui é muito quente e é um local muito grande' ,'Toca do monstro', true, 'WaterWorld');

insert into local values('26','Um vulcão se encontra em um buraco em baixo da agua' ,'Vulcão submerso', true, 'WaterWorld');

insert into local values('27','Uma praia de águas mornas. Que maravilha' ,'Prainha', false, 'Reino de Fogo');

insert into local values('28','O malvado rei de fogo prende sua filha aqui' ,'Sela da princesa', false, 'Reino de Fogo');

insert into local values('29','Dói pisar aqui' ,'Areia quente', false, 'Reino de Fogo');

insert into local values('30','Aqui a princesa jujuba dorme' ,'Quarto da Jujuba', false, 'Reino Doce');

insert into local values('31','Aqui é o lobby' ,'Salão castelo doce', false, 'Reino Doce');

insert into local values('33','Um parquinho onde o BMO brinca' ,'Parquinho', true, 'Planice');

insert into local values('34','Tem algumas árvores antigas aqui' ,'Arvoreado', true, 'Planice');

insert into local values('35','Tem muitas árvores antigas aqui' ,'Bosque', true, 'Planice');

insert into local values('36','Tem velharias e cheiro de poeira aqui, Nada de muito útil' ,'Depósito velho', false, 'Planice');

insert into local values('43','O mais puro piso de obsidiana. O rei de fogo mora aqui' ,'Sala do trono', true, 'Reino de Fogo');

insert into local values('45','Muitos bandidos são presos aqui' ,'calabouço', true, 'Reino Doce');

insert into local values('46','Aqui a princesa fabrica seu povo. Literalmente' ,'Laboratório', false, 'Reino Doce');

insert into local values('49','Aqui a mata é muito densa e traiçoeira' ,'Inicio da Selva', true, 'Selva');

insert into local values('50','A floresta aqui uiva como um lobo' ,'Floresta uivante', true, 'Selva');

insert into local values('51','Aqui começa a neve do reino gelado' ,'Entrada do gelo', true, 'Reino Gelado');

insert into local values('52','Aqui é muito frio' ,'Salão do rei gelado', true, 'Reino Gelado');

insert into local values('53','Rei gelado dorme aqui' ,'Quarto do rei gelado', false, 'Reino Gelado');

insert into local values('54','aqui tem muitos brinquedos' ,'Quarto do gunter', false, 'Reino Gelado');

insert into local values('55','aqui o rei gelado tortura as princesas com sua voz' ,'Karâoke', false, 'Reino Gelado');

insert into local values('57','aqui tem flores que parecem velas' ,'Jardim de velas', true, 'Reino de Fogo');

insert into local values('58','Os portões vermelhos de calor aquecem até sua alma' ,'Portões flamejantes', true, 'Reino de Fogo');

insert into local values('59','aqui tem flores que parecem luminárias' ,'Jardim de lumos', true, 'Reino de Fogo');

insert into local values('63','aqui mora a belíssima maga caçadora' ,'porta da maga', false, 'Selva');

insert into local values('64','aqui o cheiro de carniça das vítimas é tanto que é tonteante' ,'floresta dos perigos', true, 'Selva');

insert into local values('65','A floresta aqui uiva ainda mais' ,'floresta UIVADORA', true, 'Selva');

insert into local values('66','Tem muita lama aqui, é até difícil andar' ,'floresta pantanosa', true, 'Pantano');

insert into local values('68','Muitas princesas já passaram por aqui' ,'Calabouço gelado', false, 'Reino Gelado');

insert into local values('69','Muitos cadernos preenchem as prateleiras, repletos de histórias de Fiona e Cake, escritas pelo rei gelado' ,'Biblioteca', false, 'Reino Gelado');

insert into local values('73','Ao invés de copas de folhas, as daqui tem cópas de fogo e metal derretido' ,'Floresta Forno', true, 'Reino de Fogo');

insert into local values('76','Aqui a maga da floresta ora para seus deuses' ,'totem de oração', false, 'Selva');

insert into local values('77','Aqui a maga guarda suas armas. Não roube ela ein' ,'Arsenal da maga', false, 'Selva');

insert into local values('78','Aqui a maga dorme' ,'Quarto da Maga', false, 'Selva');

insert into local values('80','Tem olinhos nesse poço pedindo moedas em troca de itens' ,'Poço velho', false, 'Selva');

insert into local values('84','A temperatura começa a se elevar na saída do reino gelado' ,'Saída reino gelado', true, 'Reino Gelado');

insert into local values('87','A temperatura arde ' ,'Campos Flamejantes', true, 'Reino de Fogo');

insert into local values('88','A temperatura arde ' ,'Floresta de Fogo', true, 'Reino de Fogo');

insert into local values('89','A temperatura arde MUITO ' ,'Bosque de Fogo', true, 'Reino de Fogo');

insert into local values('90','A rainha vampira Marceline vive aqui ' ,'Casa da Marceline', false, 'Pantano');

insert into local values('94','Festas Iradas acontecem aqui a noite ' ,'Mata das festas', false, 'Pantano');

insert into local values('95','a floresta chama seu nome, ao olhar pra trás você vê verdades ocultas que te atormentam. Ao olhar para frente você já se esqueceu ' ,'Floresta Macabra', true, 'Pantano');

insert into local values('96','Um cometa Catalisador já caiu aqui séculos atrás' ,'Grande cratéra', true, 'Deserto');

insert into local values('97','Um casal de idosos vive nessas terras inospistas com seu cão' ,'Lugar nenhum', false, 'Deserto');

insert into local values('98','Já houve muitas criaturas aqui. Hoje apenas baratas e poeira' ,'Prédio em ruínas', true, 'Deserto');

insert into local values('99', 'Monstros habitam estas terras' ,'Prédio em ruínas', true, 'Deserto');

insert into local values('100', 'Destroços de uma velha ponte' ,'ponte velha', true, 'Deserto');

insert into local values('101', 'O chão começa a ferver, revelando uma terra de chamas' ,'pedreira ígnea', true, 'Reino de Fogo');

insert into local values('102', 'Aqui do alto dá pra ver muito longe mesmo' ,'Monte do fogo', true, 'Reino de Fogo');

insert into local values('103', 'aqui queima como o inferno' ,'campos ardentes', true, 'Reino de Fogo');

insert into local values('104', 'um lago de magma borbulha aqui' ,'lago de magma', true, 'Reino de Fogo');

insert into local values('105', 'Quadra de basquete da marceline' ,'Quadra de basquete', false, 'Pantano');

insert into local values('106', 'não dá pra ver os próprios pés na água' ,'Águas turvas', true, 'Pantano');

insert into local values('107', 'Caverna' ,'Caverna3', true, 'Pantano');

insert into local values('108', 'Caverna' ,'Caverna2', true, 'Pantano');

insert into local values('109', 'Caverna' ,'Caverna', true, 'Pantano');

insert into local values('110', 'Uma velharia de tempos passados' ,'Nave abandonada', true, 'Deserto');

insert into local values('112', 'mal dá pra ver um palmo a sua frente' ,'Caverna Mais escura', true, 'Deserto');

insert into local values('114', 'Aqui tem tecnologias do passado que estão anos a frente da nossa' ,'Ferro Velho', true, 'Deserto');

insert into local values('115', 'Aqui tem tecnologias do passado que estão anos a frente da nossa. esqueletos de criaturas mortas cobrem o chão.' ,'Laboratorio velho', true, 'Deserto');

insert into local values('117', 'Um adorável ser de fogo vive aqui' ,'Casa do Foguin', false, 'Reino de Fogo');

insert into local values('118', 'Um vulcão frio está aqui, ele pode te mandar pro céu' ,'Vulcão Frio', false, 'Reino de Fogo');

insert into local values('119', 'Henrique montou aqui sua lojinha pra te ajudar' ,'Lojinha fervente', false, 'Reino de Fogo');

insert into local values('125', 'Esqueletos macabros andam por aqui' ,'Cemitério', true, 'Terra do Litch');

insert into local values('127', 'Mutantes da guerra dos cogumelos habitam aqui' ,'Lar dos mutantes', true, 'Deserto');

insert into local values('128', 'Uma vez princesa jujuba, finn e jake se meteram numa confusão com os mutantes nessa nave' ,'Ruinas de uma nave', true, 'Deserto');

insert into local values('130', 'Uma imagem macabra de um monstro cabeçudo' ,'Totem da Noitosfera', true, 'Deserto');

insert into local values('133', 'O vulcão frio tem seu topo aqui' ,'vulcão propulsor', false, 'Reino de Fogo');

insert into local values('138', 'Oba, um báu' ,'Báu', true, 'Terra do Litch');

insert into local values('139', 'Uma sala da dungeon, as vezes tem monstros' ,'Sala1', true, 'Terra do Litch');

insert into local values('140', 'Entrada da dungeon do litch, se eu fosse você,tomaria cuidado com ele que é final boss' ,'Entrada da dungeon', true, 'Terra do Litch');

insert into local values('145', 'Uma imagem macabra de um monstro cabeçudo de trouxe aqui' ,'Tunel misterioso', true, 'Deserto');

insert into local values('147', 'Uma casa literalmente fofinha. O homem nuvem vive aqui com a mulher nuvem' ,'Casa nuvem', false, 'Céu');

insert into local values('148', 'Aqui é um local muito bonito e alto. Veio pelo vulcão?' ,'Porta do Céu', false, 'Céu');

insert into local values('149', 'Lugar de criança' ,'Parque Céu', false, 'Céu');

insert into local values('152', 'Um dracolich malvado vive aqui' ,'Câmara do Dracolich', true, 'Terra do Litch');

insert into local values('155', 'Um corredor comum' ,'corredor 1', true, 'Terra do Litch');
 



insert into personagem values('1',false);

insert into npc values('1','Litch',1000,false, 100,'Primordial', 1000, 1000);

insert into instancia values(1,1 ,1000 , 0001);

insert into instancia values(3,1 ,30 , 0001,2);

insert into missao values('Salvar princesa ',true , 'Salvar princesa', 100);

insert into missao values('matar esqueletos ',false , 'Salvar princesa', 100);

insert into prerequisitomissao values('matar esqueletos', 'Salvar princesa');

insert into missao values('ganhar espada',false , 'forjar uma espada ', 100);

insert into prerequisitomissao values('ganhar espada', 'matar esqueletos');

insert into chefe values (1,'Salvar princesa ',1);

insert into personagem  values('2', true);

insert into pc values('2', 'Finn', 50, 40, 40, 0, 'humano', 40, 20, 1);

insert into fazmissao values(2, 'Salvar princesa', false);  

insert into contem values(1,'Salvar princesa', 'Incompleto' );

insert into local values('0002','Casa onde habita Finn' ,'Casa na árvore', false, 'Reino Doce');

insert into habilidade values(1, 'Elasticidade', 0, 100);

insert into habilidade values(2, 'Elasticidade lvl 2', 0, 150);

insert into possuihab values('2',1);

insert into prerequisitohab values(2,1);

--- 1 = armamento , 2 = consumivel, 3 = armadura 

insert into item values('001',1);

insert into item values('002',2 );

insert into item values('003',3 );

insert into armamento values('001', 'Espada', 20, 9 ); 

insert into consumivel values('002', 'Poção de vida', 30, 1 );

insert into armadura values('003', 'Armadura de ferro', 70, 80);

insert into inventario values(1,1,2);

insert  into instanciaitem values(1, 1, 100, 1); 

insert into dropa values(1,1,0.22);

insert into loja values('Loja de Arma', 'Arma','Espadas', 2 );

insert into possuiitem values(1,'Loja de Arma', 'Espadas', 2);

insert into npc values(3,'Jake', 80, false, 30, 'cachorro', 30, 50);

insert into personagem values(3, false);

